,City,Latitude,Longitude,Max Temperature,Humidity,Cloudiness,Wind Speed,Country,Date
0,mataura,-46.1927,168.8643,285.93,83.0,93.0,0.89,NZ,1616171695.0
1,ushuaia,-54.8,-68.3,284.15,62.0,40.0,5.66,AR,1616171695.0
2,wanning,18.8003,110.3967,296.26,95.0,15.0,2.66,CN,1616171696.0
3,palabuhanratu,,,,,,,,
4,atuona,-9.8,-139.0333,299.87,77.0,48.0,6.03,PF,1616171696.0
5,san policarpo,12.1791,125.5072,300.14,77.0,49.0,3.39,PH,1616171697.0
6,tasiilaq,65.6145,-37.6368,272.15,74.0,1.0,4.63,GL,1616171697.0
7,puerto ayora,-0.7393,-90.3518,301.01,78.0,20.0,4.12,EC,1616171698.0
8,altay,47.8667,88.1167,262.32,45.0,0.0,2.35,CN,1616171698.0
9,pemba,-12.974,40.5178,301.58,78.0,75.0,3.09,MZ,1616171699.0
10,portland,45.5234,-122.6762,281.97,57.0,75.0,4.12,US,1616171549.0
11,nizhnevartovsk,60.9344,76.5531,272.15,55.0,0.0,4.0,RU,1616171699.0
12,red bluff,40.1785,-122.2358,283.76,82.0,90.0,3.6,US,1616171646.0
13,hobart,-42.8794,147.3294,285.7,88.0,75.0,2.57,AU,1616171431.0
14,najran,17.4924,44.1277,302.15,13.0,0.0,4.12,SA,1616171701.0
15,temaraia,,,,,,,,
16,kutum,14.2,24.6667,301.18,12.0,52.0,5.1,SD,1616171703.0
17,toora-khem,52.4675,96.11,259.71,90.0,13.0,0.68,RU,1616171703.0
18,rikitea,-23.1203,-134.9692,300.0,76.0,100.0,5.68,PF,1616171704.0
19,mar del plata,-38.0023,-57.5575,293.15,49.0,0.0,6.17,AR,1616171704.0
20,leningradskiy,69.3833,178.4167,242.57,84.0,15.0,0.69,RU,1616171705.0
21,pringsewu,-5.3582,104.9744,296.95,94.0,92.0,2.73,ID,1616171706.0
22,yeniseysk,58.4497,92.1703,269.26,91.0,100.0,4.23,RU,1616171592.0
23,faya,18.3851,42.4509,292.65,77.0,0.0,2.57,SA,1616171706.0
24,castro,-24.7911,-50.0119,296.22,79.0,57.0,3.37,BR,1616171707.0
25,port alfred,-33.5906,26.891,293.18,83.0,98.0,6.3,ZA,1616171707.0
26,yellowknife,62.456,-114.3525,266.17,73.0,75.0,4.63,CA,1616171708.0
27,uelzen,52.9667,10.5667,275.75,48.0,40.0,8.23,DE,1616171708.0
28,grand-santi,4.25,-54.3833,306.25,38.0,61.0,1.69,GF,1616171708.0
29,souillac,-20.5167,57.5167,299.15,78.0,40.0,3.09,MU,1616171709.0
30,laguna,38.421,-121.4238,284.81,93.0,90.0,1.54,US,1616171710.0
31,iquique,-20.2208,-70.1431,294.15,64.0,0.0,4.12,CL,1616171710.0
32,georgetown,5.4112,100.3354,299.99,57.0,20.0,1.54,MY,1616171711.0
33,tura,25.5198,90.2201,296.79,23.0,41.0,1.41,IN,1616171711.0
34,hilo,19.7297,-155.09,290.43,82.0,75.0,2.06,US,1616171627.0
35,pyaozerskiy,65.8333,31.1667,264.5,88.0,66.0,4.16,RU,1616171712.0
36,ayr,55.4627,-4.6339,284.15,71.0,0.0,4.63,GB,1616171712.0
37,nikolskoye,59.7035,30.7861,266.67,58.0,40.0,3.0,RU,1616171713.0
38,clyde river,70.4692,-68.5914,246.15,69.0,20.0,1.54,CA,1616171713.0
39,punta arenas,-53.15,-70.9167,282.09,87.0,90.0,5.66,CL,1616171629.0
40,djambala,-2.5447,14.7533,297.23,73.0,64.0,1.68,CG,1616171714.0
41,necochea,-38.5473,-58.7368,294.82,50.0,0.0,2.24,AR,1616171714.0
42,armacao dos buzios,,,,,,,,
43,saint-pierre,-21.3393,55.4781,297.92,78.0,90.0,7.72,RE,1616171715.0
44,dumas,35.8656,-101.9732,279.42,65.0,1.0,3.09,US,1616171715.0
45,grand river south east,,,,,,,,
46,airai,-8.9266,125.4092,288.59,90.0,78.0,0.95,TL,1616171716.0
47,dikson,73.5069,80.5464,237.71,92.0,0.0,2.09,RU,1616171717.0
48,machinga,-15.1685,35.3,294.4,94.0,90.0,1.33,MW,1616171717.0
49,rio grande,-32.035,-52.0986,297.15,60.0,75.0,3.6,BR,1616171717.0
50,new norfolk,-42.7826,147.0587,284.63,71.0,0.0,0.76,AU,1616171718.0
51,avarua,-21.2078,-159.775,298.15,88.0,90.0,1.54,CK,1616171718.0
52,cayenne,4.9333,-52.3333,302.94,55.0,40.0,5.66,GF,1616171719.0
53,balgazyn,51.0,95.2,260.25,84.0,0.0,1.21,RU,1616171719.0
54,thompson,55.7435,-97.8558,277.15,60.0,20.0,3.09,CA,1616171552.0
55,seoul,37.5683,126.9778,285.79,66.0,60.0,1.54,KR,1616171489.0
56,jamestown,42.097,-79.2353,273.29,43.0,1.0,6.53,US,1616171720.0
57,sorland,67.667,12.6934,279.15,70.0,75.0,7.72,NO,1616171721.0
58,ranong,9.9658,98.6348,298.29,87.0,20.0,1.38,TH,1616171721.0
59,port elizabeth,-33.918,25.5701,293.15,73.0,90.0,4.12,ZA,1616171722.0
60,inuvik,68.3499,-133.7218,245.66,76.0,100.0,1.54,CA,1616171722.0
61,busselton,-33.65,115.3333,290.93,82.0,89.0,3.09,AU,1616171658.0
62,touros,-5.1989,-35.4608,303.15,58.0,40.0,6.69,BR,1616171723.0
63,ourossogui,15.6064,-13.3211,313.15,16.0,0.0,2.06,SN,1616171723.0
64,tiznit,29.5833,-9.5,287.53,67.0,75.0,7.97,MA,1616171724.0
65,orlik,52.5178,99.825,253.31,83.0,16.0,1.39,RU,1616171724.0
66,norsup,-16.0667,167.3833,299.59,83.0,93.0,4.42,VU,1616171725.0
67,orsha,54.5153,30.4053,273.15,69.0,40.0,2.0,BY,1616171725.0
68,vila franca do campo,37.7167,-25.4333,290.15,72.0,20.0,5.14,PT,1616171726.0
69,aykhal,66.0,111.5,247.25,96.0,90.0,3.74,RU,1616171726.0
70,doljo,9.5875,123.7303,301.15,78.0,40.0,2.06,PH,1616171727.0
71,kahului,20.8947,-156.47,291.89,68.0,1.0,5.14,US,1616171727.0
72,kropotkin,45.4375,40.5756,279.39,86.0,98.0,6.83,RU,1616171728.0
73,karpuninskiy,,,,,,,,
74,nizhneyansk,,,,,,,,
75,tumannyy,,,,,,,,
76,broken hill,-31.95,141.4333,296.15,56.0,40.0,6.17,AU,1616171689.0
77,axim,4.8699,-2.2405,301.33,69.0,100.0,4.61,GH,1616171729.0
78,araouane,18.9048,-3.5265,307.96,7.0,0.0,6.66,ML,1616171730.0
79,clinton,42.587,-82.9199,277.25,33.0,1.0,7.72,US,1616171730.0
80,westport,41.1415,-73.3579,275.9,24.0,1.0,8.75,US,1616171730.0
81,yulara,-25.2406,130.9889,297.15,35.0,100.0,3.09,AU,1616171731.0
82,east london,-33.0153,27.9116,292.15,100.0,90.0,3.6,ZA,1616171731.0
83,severo-kurilsk,50.6789,156.125,270.46,89.0,100.0,7.53,RU,1616171732.0
84,barrow,71.2906,-156.7887,251.15,77.0,90.0,2.57,US,1616171732.0
85,husavik,66.0449,-17.3389,283.15,66.0,40.0,11.83,IS,1616171732.0
86,tuktoyaktuk,69.4541,-133.0374,245.15,76.0,40.0,4.63,CA,1616171733.0
87,chokurdakh,70.6333,147.9167,245.95,79.0,100.0,3.8,RU,1616171733.0
88,hermanus,-34.4187,19.2345,292.59,63.0,100.0,2.68,ZA,1616171734.0
89,sambava,-14.2667,50.1667,299.15,86.0,96.0,3.86,MG,1616171734.0
90,mahebourg,-20.4081,57.7,299.15,78.0,40.0,3.09,MU,1616171734.0
91,adrar,20.5022,-10.0711,305.76,8.0,0.0,4.27,MR,1616171735.0
92,hithadhoo,-0.6,73.0833,301.35,73.0,100.0,5.16,MV,1616171735.0
93,bredasdorp,-34.5322,20.0403,293.15,60.0,100.0,3.6,ZA,1616171735.0
94,ribeira grande,38.5167,-28.7,290.15,82.0,75.0,7.72,PT,1616171736.0
95,qaanaaq,77.484,-69.3632,251.71,74.0,100.0,1.29,GL,1616171736.0
96,naze,28.3667,129.4833,292.17,88.0,22.0,2.99,JP,1616171737.0
97,belushya guba,,,,,,,,
98,kodiak,57.79,-152.4072,263.15,57.0,1.0,3.09,US,1616171738.0
99,nsanje,-16.92,35.262,297.18,94.0,21.0,1.99,MW,1616171738.0
100,hamilton,39.1834,-84.5333,279.64,36.0,1.0,8.23,US,1616171546.0
101,iqaluit,63.7506,-68.5145,247.37,64.0,20.0,11.32,CA,1616171509.0
102,carnarvon,-24.8667,113.6333,299.15,69.0,0.0,4.63,AU,1616171739.0
103,kapaa,22.0752,-159.319,293.58,73.0,90.0,8.23,US,1616171739.0
104,albany,42.6001,-73.9662,273.4,27.0,1.0,1.79,US,1616171740.0
105,camacha,33.0833,-16.3333,289.15,59.0,75.0,6.17,PT,1616171741.0
106,knyaze-volkonskoye,48.4642,135.4567,270.15,100.0,20.0,0.99,RU,1616171741.0
107,san patricio,28.017,-97.5169,290.75,36.0,1.0,3.09,US,1616171742.0
108,olafsvik,64.8945,-23.7142,276.9,95.0,100.0,9.09,IS,1616171742.0
109,san vicente,-26.6167,-54.1333,305.3,32.0,18.0,2.15,AR,1616171742.0
110,bull savanna,17.8868,-77.5902,300.31,61.0,6.0,4.16,JM,1616171743.0
111,khatanga,71.9667,102.5,237.7,98.0,100.0,1.78,RU,1616171743.0
112,yar-sale,66.8333,70.8333,244.81,98.0,29.0,4.47,RU,1616171744.0
113,hirara,24.8,125.2833,295.19,85.0,0.0,5.4,JP,1616171744.0
114,angra dos reis,-23.0067,-44.3181,304.15,62.0,20.0,3.6,BR,1616171745.0
115,ilulissat,69.2167,-51.1,267.15,53.0,75.0,7.72,GL,1616171745.0
116,cortez,37.3489,-108.5859,281.3,49.0,1.0,3.13,US,1616171598.0
117,taolanaro,,,,,,,,
118,upernavik,72.7868,-56.1549,259.94,85.0,100.0,0.99,GL,1616171746.0
119,bengkulu,-3.8004,102.2655,298.07,88.0,100.0,1.93,ID,1616171746.0
120,nelson bay,-32.7167,152.15,293.15,100.0,75.0,5.14,AU,1616171740.0
121,fort nelson,58.8053,-122.7002,272.15,59.0,75.0,3.09,CA,1616171747.0
122,tucuma,-0.1833,-50.05,296.95,92.0,98.0,2.41,BR,1616171747.0
123,cape town,-33.9258,18.4232,292.7,60.0,20.0,8.75,ZA,1616171650.0
124,saskylakh,71.9167,114.0833,237.53,97.0,0.0,2.11,RU,1616171748.0
125,kamaishi,39.2667,141.8833,276.38,72.0,39.0,1.59,JP,1616171749.0
126,mys shmidta,,,,,,,,
127,montrose,38.4166,-108.2673,282.96,37.0,1.0,1.79,US,1616171749.0
128,barentsburg,,,,,,,,
129,foca,38.6703,26.7566,285.65,76.0,40.0,2.57,TR,1616171750.0
130,nueva concepcion,14.2,-91.3,303.11,65.0,0.0,3.09,GT,1616171750.0
131,guerrero negro,27.9769,-114.0611,292.04,54.0,20.0,3.78,MX,1616171751.0
132,flin flon,54.7682,-101.865,276.15,65.0,40.0,4.12,CA,1616171633.0
133,minggang,32.4586,114.0486,280.26,88.0,99.0,1.84,CN,1616171752.0
134,maldonado,-34.6667,-54.9167,294.21,56.0,0.0,2.06,UY,1616171752.0
135,coquimbo,-29.9533,-71.3436,292.15,55.0,75.0,4.63,CL,1616171753.0
136,pevek,69.7008,170.3133,243.83,88.0,98.0,0.63,RU,1616171753.0
137,illoqqortoormiut,,,,,,,,
138,ponta do sol,32.6667,-17.1,291.34,52.0,20.0,7.72,PT,1616171754.0
139,toliary,,,,,,,,
140,suluq,31.6682,20.2521,296.28,20.0,46.0,6.36,LY,1616171754.0
141,tabiauea,,,,,,,,
142,avera,33.194,-82.5271,289.45,55.0,1.0,2.06,US,1616171755.0
143,grindavik,63.8424,-22.4338,280.15,93.0,75.0,12.35,IS,1616171755.0
144,bathsheba,13.2167,-59.5167,302.15,54.0,40.0,7.72,BB,1616171756.0
145,muroran,42.3172,140.9881,274.68,74.0,59.0,4.14,JP,1616171756.0
146,sal rei,16.1833,-22.9167,296.15,68.0,20.0,9.77,CV,1616171756.0
147,oranjemund,-28.55,16.4333,291.46,81.0,33.0,8.05,NA,1616171757.0
148,libreville,0.3925,9.4537,302.15,84.0,40.0,5.66,GA,1616171757.0
149,geraldton,-28.7667,114.6,292.15,59.0,0.0,2.57,AU,1616171476.0
150,edson,53.5835,-116.4356,278.15,56.0,1.0,3.6,CA,1616171758.0
151,belaya kalitva,48.17,40.78,275.41,79.0,100.0,2.76,RU,1616171758.0
152,comodoro rivadavia,-45.8667,-67.5,296.15,25.0,0.0,6.69,AR,1616171759.0
153,sentyabrskiy,,,,,,,,
154,kibre mengist,5.8833,38.9833,290.59,89.0,96.0,1.6,ET,1616171759.0
155,college,64.8569,-147.8028,254.99,84.0,90.0,0.92,US,1616171760.0
156,karratha,-20.7377,116.8463,299.06,60.0,1.0,8.6,AU,1616171760.0
157,gumdag,39.2061,54.5906,287.46,43.0,4.0,5.18,TM,1616171761.0
158,kautokeino,69.0125,23.0412,266.12,87.0,82.0,7.89,NO,1616171761.0
159,kulhudhuffushi,6.6221,73.07,301.5,68.0,33.0,2.08,MV,1616171761.0
160,rawson,-43.3002,-65.1023,299.58,23.0,0.0,7.32,AR,1616171762.0
161,barawe,,,,,,,,
162,abha,18.2164,42.5053,292.62,77.0,0.0,2.57,SA,1616171763.0
163,faanui,-16.4833,-151.75,300.92,67.0,27.0,2.15,PF,1616171763.0
164,grand gaube,-20.0064,57.6608,298.15,83.0,2.0,0.45,MU,1616171764.0
165,liberty,31.8335,-81.5004,288.71,48.0,1.0,7.2,US,1616171764.0
166,asyut,27.181,31.1837,296.15,33.0,0.0,4.12,EG,1616171563.0
167,victoria,22.2855,114.1577,295.59,86.0,5.0,2.58,HK,1616171646.0
168,turayf,31.6725,38.6637,291.15,34.0,0.0,3.09,SA,1616171765.0
169,isangel,-19.55,169.2667,295.15,94.0,20.0,5.11,VU,1616171766.0
170,kavieng,-2.5744,150.7967,301.11,76.0,4.0,5.06,PG,1616171766.0
171,wakkanai,45.4094,141.6739,272.91,65.0,2.0,6.45,JP,1616171766.0
172,gibsons,49.3997,-123.5027,279.98,93.0,100.0,1.54,CA,1616171767.0
173,lata,40.1629,-8.3327,289.56,51.0,20.0,2.24,PT,1616171767.0
174,lorengau,-2.0226,147.2712,300.18,75.0,18.0,1.15,PG,1616171768.0
175,cabo san lucas,22.8909,-109.9124,294.24,68.0,1.0,1.11,MX,1616171714.0
176,lompoc,34.6391,-120.4579,286.65,76.0,20.0,2.57,US,1616171768.0
177,bloomfield,40.8068,-74.1854,276.37,22.0,1.0,6.17,US,1616171769.0
178,petropavlovsk-kamchatskiy,53.0452,158.6483,273.15,100.0,90.0,3.0,RU,1616171478.0
179,longyearbyen,78.2186,15.6401,273.15,74.0,40.0,5.14,SJ,1616171770.0
180,tarudant,,,,,,,,
181,thaba-tseka,-29.522,28.6084,287.49,48.0,84.0,2.4,LS,1616171770.0
182,meulaboh,4.1363,96.1285,298.67,86.0,99.0,1.85,ID,1616171771.0
183,luderitz,-26.6481,15.1594,293.67,63.0,65.0,10.22,NA,1616171771.0
184,bousso,10.4795,16.7117,307.54,29.0,26.0,4.57,TD,1616171772.0
185,semnan,35.5729,53.3971,288.09,24.0,50.0,4.27,IR,1616171772.0
186,magadan,59.5667,150.8,251.61,68.0,0.0,2.9,RU,1616171773.0
187,wajima,37.4,136.9,280.34,74.0,20.0,6.45,JP,1616171773.0
188,vaini,-21.2,-175.2,297.15,94.0,20.0,1.03,TO,1616171774.0
189,igarka,67.4667,86.5833,243.44,91.0,30.0,5.74,RU,1616171774.0
190,tsihombe,,,,,,,,
191,byumba,-1.5763,30.0675,293.92,73.0,40.0,3.09,RW,1616171775.0
192,poole,50.7167,-2.0,284.56,58.0,40.0,5.66,GB,1616171776.0
193,nome,64.5011,-165.4064,244.05,69.0,1.0,2.11,US,1616171776.0
194,saint-joseph,-21.3667,55.6167,296.43,78.0,90.0,7.72,RE,1616171777.0
195,walvis bay,-22.9575,14.5053,292.04,83.0,0.0,3.58,NA,1616171777.0
196,saint-philippe,-21.3585,55.7679,296.37,78.0,90.0,7.72,RE,1616171778.0
197,saldanha,-33.0117,17.9442,294.15,56.0,34.0,8.23,ZA,1616171778.0
198,lantawan,10.6167,123.9833,300.15,83.0,20.0,2.57,PH,1616171779.0
199,menongue,-14.6585,17.691,293.96,85.0,98.0,0.59,AO,1616171779.0
200,khani,41.9563,42.9566,279.15,93.0,90.0,1.03,GE,1616171780.0
201,synya,65.3718,58.0387,255.5,97.0,87.0,2.67,RU,1616171780.0
202,tarko-sale,64.9225,77.785,248.74,95.0,58.0,5.0,RU,1616171527.0
203,fairbanks,64.8378,-147.7164,254.94,84.0,90.0,0.98,US,1616171573.0
204,valdivia,-39.8142,-73.2459,289.15,72.0,75.0,5.14,CL,1616171668.0
205,dukat,62.55,155.55,241.16,99.0,96.0,1.9,RU,1616171781.0
206,vestmannaeyjar,63.4427,-20.2734,281.15,93.0,90.0,9.77,IS,1616171782.0
207,jieshi,22.8134,115.8257,297.59,84.0,7.0,0.82,CN,1616171782.0
208,slonim,53.0867,25.3219,272.16,75.0,94.0,2.15,BY,1616171783.0
209,talnakh,69.4865,88.3972,241.16,93.0,38.0,4.11,RU,1616171783.0
210,la ronge,55.1001,-105.2842,275.65,69.0,60.0,3.6,CA,1616171784.0
211,medina,24.4686,39.6142,306.15,6.0,0.0,4.12,SA,1616171763.0
212,penzance,50.1186,-5.5371,283.15,81.0,40.0,6.69,GB,1616171766.0
213,glendive,47.1053,-104.7125,279.94,56.0,1.0,4.63,US,1616171785.0
214,oropesa,-13.5928,-71.7719,290.15,48.0,75.0,0.51,PE,1616171786.0
215,ostersund,63.1792,14.6357,272.09,80.0,90.0,4.63,SE,1616171786.0
216,bosaso,11.2842,49.1816,298.19,76.0,87.0,1.59,SO,1616171787.0
217,arraial do cabo,-22.9661,-42.0278,303.44,65.0,20.0,4.63,BR,1616171787.0
218,arman,59.7,150.1667,252.5,73.0,0.0,3.5,RU,1616171788.0
219,khanpur,28.6453,70.6567,296.78,23.0,0.0,1.47,PK,1616171789.0
220,glasgow,55.8652,-4.2576,288.63,55.0,95.0,1.03,GB,1616171789.0
221,ponta delgada,37.7333,-25.6667,290.15,72.0,20.0,5.14,PT,1616171790.0
222,bethel,41.3712,-73.414,274.01,32.0,1.0,7.2,US,1616171790.0
223,mecca,21.4267,39.8261,301.16,37.0,0.0,2.96,SA,1616171725.0
224,bluff,-46.6,168.3333,285.93,83.0,100.0,0.89,NZ,1616171792.0
225,caravelas,-17.7125,-39.2481,302.49,57.0,68.0,4.08,BR,1616171792.0
226,praia da vitoria,38.7333,-27.0667,291.29,72.0,40.0,4.56,PT,1616171558.0
227,sterling,39.0062,-77.4286,278.77,31.0,75.0,7.72,US,1616171785.0
228,kieta,-6.2167,155.6333,299.49,78.0,86.0,0.83,PG,1616171793.0
229,san jose,37.3394,-121.895,285.5,76.0,90.0,0.46,US,1616171751.0
230,ancud,-41.8697,-73.8203,284.71,67.0,75.0,1.54,CL,1616171794.0
231,nanortalik,60.1432,-45.2371,272.37,81.0,100.0,7.99,GL,1616171795.0
232,nioro,13.35,-15.75,309.79,11.0,18.0,6.53,GM,1616171795.0
233,madang,-5.2246,145.7966,297.93,87.0,98.0,1.68,PG,1616171796.0
234,butaritari,3.0707,172.7902,300.36,80.0,100.0,5.01,KI,1616171797.0
235,borogontsy,62.6683,131.1683,261.39,96.0,100.0,1.99,RU,1616171797.0
236,lavrentiya,65.5833,-171.0,245.7,89.0,3.0,2.19,RU,1616171798.0
237,torbay,47.6666,-52.7314,278.35,87.0,90.0,14.92,CA,1616171726.0
238,tautira,-17.7333,-149.15,298.93,78.0,75.0,1.03,PF,1616171798.0
239,pakokku,21.3333,95.1,300.6,22.0,66.0,3.76,MM,1616171799.0
240,nambucca heads,-30.65,153.0,292.26,94.0,75.0,3.09,AU,1616171799.0
241,chortomlyk,47.6232,34.142,277.04,81.0,96.0,2.47,UA,1616171800.0
242,narrabri,-30.3167,149.7833,290.26,82.0,20.0,4.12,AU,1616171800.0
243,cidreira,-30.1811,-50.2056,297.44,64.0,59.0,4.55,BR,1616171801.0
244,lazaro cardenas,17.9583,-102.2,303.49,41.0,4.0,2.08,MX,1616171801.0
245,henties bay,-22.116,14.2845,292.04,83.0,2.0,3.58,NA,1616171802.0
246,bulgan,48.8125,103.5347,263.28,95.0,92.0,1.01,MN,1616171802.0
247,karasjok,69.4719,25.5112,270.15,68.0,99.0,10.29,NO,1616171803.0
248,chenzhou,25.8,113.0333,286.57,92.0,100.0,2.44,CN,1616171803.0
249,tuatapere,-46.1333,167.6833,285.93,83.0,93.0,0.89,NZ,1616171804.0
250,chernyshevskiy,63.0128,112.4714,255.3,97.0,64.0,2.07,RU,1616171804.0
251,lagoa,39.05,-27.9833,288.36,81.0,52.0,7.57,PT,1616171805.0
252,kontagora,10.3999,5.4695,310.42,21.0,99.0,1.57,NG,1616171805.0
253,buchanan,5.8808,-10.0467,303.15,70.0,20.0,6.17,LR,1616171805.0
254,mahibadhoo,3.7833,72.9667,301.7,71.0,29.0,3.11,MV,1616171806.0
255,villa carlos paz,-31.4241,-64.4978,290.86,78.0,72.0,0.89,AR,1616171807.0
256,ulladulla,-35.35,150.4667,290.42,100.0,75.0,4.63,AU,1616171808.0
257,wewak,-3.5534,143.6268,299.64,80.0,100.0,0.58,PG,1616171808.0
258,kruisfontein,-34.0033,24.7314,290.53,84.0,100.0,4.69,ZA,1616171809.0
259,rabo de peixe,37.8,-25.5833,290.15,72.0,20.0,5.14,PT,1616171809.0
260,catamarca,-28.4696,-65.7852,294.97,72.0,92.0,3.58,AR,1616171554.0
261,barra patuca,15.8,-84.2833,301.37,64.0,51.0,3.83,HN,1616171810.0
262,gizo,-8.103,156.8419,301.01,72.0,78.0,1.7,SB,1616171811.0
263,saleaula,,,,,,,,
264,la dolorita,10.4883,-66.7861,298.99,49.0,68.0,2.68,VE,1616171812.0
265,babanusah,,,,,,,,
266,cambridge,43.3601,-80.3127,274.8,25.0,1.0,4.63,CA,1616171613.0
267,esperance,-33.8667,121.9,290.15,88.0,0.0,5.66,AU,1616171813.0
268,ghimes-faget,46.5833,26.0667,273.52,68.0,100.0,1.31,RO,1616171813.0
269,utiroa,,,,,,,,
270,mutsamudu,,,,,,,,
271,eyl,7.9803,49.8164,298.83,78.0,0.0,6.86,SO,1616171815.0
272,atar,20.5169,-13.0499,307.05,9.0,0.0,5.21,MR,1616171815.0
273,burns lake,54.2331,-125.7533,269.15,93.0,68.0,2.1,CA,1616171816.0
274,chara,56.9064,118.2631,259.68,69.0,100.0,1.26,RU,1616171816.0
275,lasa,46.6166,10.7002,277.5,47.0,40.0,3.6,IT,1616171817.0
276,kasongo-lunda,-6.4667,16.8167,297.71,88.0,97.0,0.52,CD,1616171818.0
277,lalmohan,22.3384,90.7419,299.71,52.0,100.0,4.53,BD,1616171818.0
278,zadar,44.1197,15.2422,283.15,29.0,20.0,3.6,HR,1616171600.0
279,poum,-20.2333,164.0167,299.29,76.0,100.0,9.19,NC,1616171819.0
280,kununurra,-15.7667,128.7333,296.15,100.0,40.0,2.06,AU,1616171820.0
281,umm lajj,25.0213,37.2685,296.88,54.0,0.0,5.05,SA,1616171820.0
282,colimes,-1.55,-80.0167,303.85,66.0,40.0,3.09,EC,1616171821.0
283,chuy,-33.6971,-53.4616,295.15,54.0,0.0,3.15,UY,1616171822.0
284,jishou,28.3167,109.7167,281.75,90.0,99.0,3.15,CN,1616171661.0
285,chihuahua,28.5,-106.0,287.15,21.0,1.0,3.7,MX,1616171714.0
286,kuche,,,,,,,,
287,cienfuegos,22.1461,-80.4356,303.15,54.0,40.0,2.57,CU,1616171823.0
288,chapais,49.7834,-74.8492,263.15,52.0,20.0,4.63,CA,1616171824.0
289,sangar,63.9242,127.4739,256.54,94.0,100.0,5.69,RU,1616171825.0
290,sitka,57.0531,-135.33,274.15,80.0,90.0,5.14,US,1616171825.0
291,sorong,-0.8833,131.25,299.69,82.0,73.0,1.76,ID,1616171826.0
292,tuggurt,,,,,,,,
293,telemaco borba,-24.3239,-50.6156,296.76,90.0,31.0,2.03,BR,1616171827.0
294,afua,-0.1567,-50.3867,298.62,88.0,90.0,3.08,BR,1616171827.0
295,fairlie,55.756,-4.8556,287.18,55.0,90.0,1.03,GB,1616171828.0
296,aksarka,66.5606,67.7975,243.77,98.0,40.0,4.56,RU,1616171828.0
297,diego de almagro,-26.3667,-70.05,296.12,32.0,94.0,4.81,CL,1616171829.0
298,nanton,50.3501,-113.7687,283.15,50.0,54.0,5.66,CA,1616171829.0
299,boca do acre,-8.7522,-67.3978,304.25,58.0,98.0,1.49,BR,1616171830.0
300,pachino,36.7186,15.0907,285.52,67.0,90.0,3.09,IT,1616171831.0
301,tak,16.5833,98.8333,296.11,55.0,5.0,0.9,TH,1616171831.0
302,san carlos de bariloche,-41.1456,-71.3082,289.15,41.0,20.0,11.32,AR,1616171780.0
303,porto novo,6.4965,2.6036,303.15,70.0,20.0,3.6,BJ,1616171832.0
304,pemangkat,1.1667,108.9667,298.51,87.0,53.0,2.51,ID,1616171833.0
305,staryy nadym,65.6118,72.6842,246.7,95.0,33.0,4.51,RU,1616171833.0
306,holetown,13.1867,-59.6381,302.15,54.0,40.0,7.72,BB,1616171834.0
307,taylorville,39.5489,-89.2945,277.6,49.0,1.0,7.72,US,1616171835.0
308,san juan,-31.5375,-68.5364,293.58,54.0,95.0,1.25,AR,1616171835.0
309,gabu,12.2833,-14.2167,311.95,12.0,0.0,2.86,GW,1616171836.0
310,vaitupu,,,,,,,,
311,makakilo city,21.3469,-158.0858,293.05,73.0,1.0,2.57,US,1616171575.0
312,la roda,39.2167,-2.15,280.1,50.0,75.0,8.23,ES,1616171837.0
313,gorno-chuyskiy,,,,,,,,
314,loukhi,66.0764,33.0381,263.25,89.0,81.0,3.81,RU,1616171837.0
315,togur,58.3631,82.8265,268.82,86.0,100.0,5.6,RU,1616171838.0
316,katsuura,35.1333,140.3,284.9,71.0,40.0,4.63,JP,1616171838.0
317,provideniya,64.3833,-173.3,249.11,96.0,36.0,6.04,RU,1616171839.0
318,auki,-8.7676,160.7034,298.4,87.0,59.0,1.4,SB,1616171839.0
319,bubaque,11.2833,-15.8333,297.93,70.0,0.0,7.62,GW,1616171839.0
320,cockburn town,21.4612,-71.1419,300.15,57.0,20.0,5.14,TC,1616171840.0
321,doctor pedro p. pena,,,,,,,,
322,ketchikan,55.3422,-131.6461,274.15,100.0,90.0,2.06,US,1616171841.0
323,kaeo,-35.1,173.7833,287.59,87.0,23.0,2.68,NZ,1616171841.0
324,manuk mangkaw,4.8,119.85,301.4,79.0,77.0,5.53,PH,1616171842.0
325,lebu,-37.6167,-73.65,288.3,73.0,30.0,4.93,CL,1616171842.0
326,north platte,41.1239,-100.7654,278.84,75.0,1.0,4.63,US,1616171843.0
327,cururupu,-1.8283,-44.8683,300.69,86.0,57.0,1.75,BR,1616171843.0
328,la libertad,-2.2333,-80.9,301.15,78.0,0.0,2.57,EC,1616171843.0
329,ambo,-10.1308,-76.2047,294.57,64.0,100.0,2.4,PE,1616171844.0
330,kemise,10.7167,39.8667,293.74,31.0,57.0,0.93,ET,1616171844.0
331,port hedland,-20.3167,118.5667,296.15,60.0,35.0,6.17,AU,1616171845.0
332,antequera,37.0194,-4.5612,289.71,42.0,20.0,6.69,ES,1616171845.0
333,wucheng,29.6008,118.175,287.71,98.0,91.0,1.42,CN,1616171846.0
334,los llanos de aridane,28.6585,-17.9182,290.47,56.0,40.0,5.66,ES,1616171846.0
335,fort saint james,54.4333,-124.25,274.35,80.0,99.0,1.75,CA,1616171847.0
336,benton harbor,42.1167,-86.4542,278.9,31.0,1.0,4.12,US,1616171764.0
337,sibolga,1.7427,98.7792,298.73,88.0,100.0,1.65,ID,1616171848.0
338,kant,27.8,79.8,297.74,33.0,100.0,3.94,IN,1616171848.0
339,norman wells,65.282,-126.8329,253.15,77.0,75.0,9.77,CA,1616171849.0
340,jaipur hat,,,,,,,,
341,barcelos,41.5388,-8.6151,289.66,42.0,0.0,10.29,PT,1616171744.0
342,gat,31.61,34.7642,288.59,36.0,0.0,2.73,IL,1616171850.0
343,jalu,29.0331,21.5482,298.39,17.0,2.0,6.09,LY,1616171850.0
344,tarrafal,15.2833,-23.7667,299.15,53.0,0.0,8.75,CV,1616171851.0
345,belmonte,-15.8631,-38.8828,302.83,70.0,75.0,3.6,BR,1616171851.0
346,vanimo,-2.6741,141.3028,298.55,84.0,56.0,1.37,PG,1616171852.0
347,batagay-alyta,67.8006,130.4114,251.64,77.0,100.0,1.57,RU,1616171852.0
348,mincivan,39.0294,46.7185,283.04,70.0,21.0,0.97,AZ,1616171853.0
349,mayo,38.8876,-76.5119,279.01,38.0,1.0,7.2,US,1616171697.0
350,artyk,,,,,,,,
351,namatanai,-3.6667,152.4333,299.74,78.0,10.0,2.84,PG,1616171855.0
352,bambous virieux,-20.3428,57.7575,298.68,78.0,40.0,3.09,MU,1616171855.0
353,katav-ivanovsk,54.7531,58.1956,268.67,93.0,93.0,1.62,RU,1616171856.0
354,kavaratti,10.5669,72.642,301.68,71.0,2.0,3.7,IN,1616171856.0
355,deputatskiy,69.3,139.9,249.16,96.0,99.0,1.54,RU,1616171857.0
356,san pedro del pinatar,37.8357,-0.791,286.87,62.0,40.0,6.17,ES,1616171858.0
357,salina cruz,16.1667,-95.2,302.45,42.0,2.0,13.25,MX,1616171858.0
358,narasannapeta,18.4167,84.05,297.09,74.0,38.0,2.69,IN,1616171859.0
359,nouadhibou,20.931,-17.0347,295.15,60.0,0.0,8.75,MR,1616171859.0
360,guaruja,-23.9931,-46.2564,302.15,74.0,40.0,3.09,BR,1616171709.0
361,portobelo,9.55,-79.65,299.13,70.0,88.0,5.36,PA,1616171860.0
362,biri,12.6833,124.3636,300.64,82.0,73.0,5.2,PH,1616171861.0
363,codrington,-38.2667,141.9667,287.31,93.0,0.0,3.47,AU,1616171862.0
364,bilibino,68.0546,166.4372,243.73,68.0,84.0,0.46,RU,1616171862.0
365,emerald,-23.5333,148.1667,296.61,83.0,90.0,3.6,AU,1616171863.0
366,narsaq,60.9167,-46.05,272.15,40.0,75.0,2.57,GL,1616171864.0
367,pisco,-13.7,-76.2167,296.77,78.0,0.0,3.6,PE,1616171864.0
368,berlevag,70.8578,29.0864,268.03,80.0,20.0,18.52,NO,1616171865.0
369,bur gabo,,,,,,,,
370,knysna,-34.0363,23.0471,291.15,94.0,75.0,4.63,ZA,1616171866.0
371,tiksi,71.6872,128.8694,245.62,95.0,84.0,6.62,RU,1616171866.0
372,umzimvubu,,,,,,,,
373,lyubeshiv,,,,,,,,
374,biak,-0.9131,122.8766,298.6,76.0,91.0,1.15,ID,1616171867.0
375,yatou,37.15,122.3833,280.27,60.0,100.0,1.32,CN,1616171835.0
376,abu kamal,34.4506,40.9171,290.61,36.0,5.0,2.63,SY,1616171867.0
377,belaya gora,68.5333,146.4167,247.67,83.0,98.0,2.24,RU,1616171868.0
378,hobyo,5.3505,48.5268,300.77,78.0,83.0,7.54,SO,1616171868.0
379,mehamn,71.0357,27.8492,272.15,86.0,40.0,16.46,NO,1616171869.0
380,bud,39.447,-86.1758,278.89,52.0,81.0,6.89,US,1616171869.0
381,karakendzha,,,,,,,,
382,mon,26.75,95.1,293.6,43.0,79.0,1.74,IN,1616171870.0
383,omboue,-1.5746,9.2618,298.54,85.0,91.0,2.86,GA,1616171870.0
384,margate,51.3813,1.3862,280.21,70.0,0.0,2.24,GB,1616171818.0
385,ambodifototra,,,,,,,,
386,yerofey pavlovich,53.9667,121.9667,262.97,91.0,98.0,1.01,RU,1616171871.0
387,vao,-22.6667,167.4833,297.82,77.0,100.0,9.94,NC,1616171872.0
388,okhotsk,59.3833,143.3,256.17,64.0,0.0,6.96,RU,1616171872.0
389,raudeberg,61.9875,5.1352,280.37,83.0,95.0,9.71,NO,1616171873.0
390,hamina,60.5697,27.1979,266.55,53.0,0.0,3.09,FI,1616171873.0
391,salalah,17.0151,54.0924,300.15,69.0,0.0,1.03,OM,1616171874.0
392,jiuquan,39.7432,98.5174,274.03,18.0,33.0,2.32,CN,1616171875.0
393,dingle,10.9995,122.6711,298.24,83.0,23.0,2.57,PH,1616171875.0
394,birin,26.8865,88.0718,289.32,32.0,70.0,2.57,NP,1616171876.0
395,shenjiamen,29.9576,122.298,284.92,96.0,67.0,3.09,CN,1616171876.0
396,esmeraldas,-19.7625,-44.3139,301.15,48.0,75.0,5.14,BR,1616171658.0
397,klaksvik,62.2266,-6.589,280.15,100.0,75.0,6.69,FO,1616171877.0
398,vazante,-17.9869,-46.9078,301.28,60.0,44.0,2.76,BR,1616171877.0
399,san miguel,13.4833,-88.1833,304.64,52.0,0.0,0.96,SV,1616171877.0
400,constitucion,-35.3333,-72.4167,290.2,53.0,61.0,3.34,CL,1616171878.0
401,pithora,21.2667,82.5167,300.27,42.0,85.0,3.63,IN,1616171878.0
402,yumen,40.2833,97.2,271.95,24.0,48.0,2.64,CN,1616171879.0
403,beloha,-25.1667,45.05,298.99,71.0,22.0,2.72,MG,1616171826.0
404,papar,5.7333,115.9333,299.98,89.0,20.0,1.46,MY,1616171879.0
405,mandera,3.9366,41.867,301.12,55.0,98.0,5.0,KE,1616171880.0
406,coihaique,-45.5752,-72.0662,286.15,50.0,75.0,6.69,CL,1616171880.0
407,pandan,14.0453,124.1694,299.5,84.0,62.0,2.44,PH,1616171880.0
408,puerto escondido,15.85,-97.0667,302.15,74.0,1.0,4.63,MX,1616171849.0
409,mahon,39.8885,4.2658,282.15,66.0,40.0,8.23,ES,1616171881.0
410,attawapiskat,,,,,,,,
411,aginskoye,51.1,114.53,262.89,84.0,57.0,4.51,RU,1616171882.0
412,muros,42.7762,-9.0603,286.91,64.0,55.0,6.35,ES,1616171882.0
413,chingirlau,51.095,54.0814,273.29,98.0,100.0,4.44,KZ,1616171883.0
414,ukiah,39.1502,-123.2078,281.41,93.0,90.0,0.46,US,1616171883.0
415,maragogi,-9.0122,-35.2225,302.16,62.0,7.0,4.48,BR,1616171884.0
416,pangnirtung,66.1451,-65.7125,248.15,64.0,20.0,1.73,CA,1616171884.0
417,marawi,7.9986,124.2928,298.15,89.0,51.0,1.34,PH,1616171885.0
418,aksu,41.1231,80.2644,277.93,41.0,4.0,2.45,CN,1616171886.0
419,king city,36.2127,-121.126,283.35,98.0,100.0,2.73,US,1616171886.0
420,altamira,-3.2033,-52.2064,302.15,65.0,75.0,1.54,BR,1616171887.0
421,aklavik,68.2191,-135.0107,250.15,70.0,75.0,3.6,CA,1616171887.0
422,warrington,53.3925,-2.5802,284.66,67.0,90.0,4.12,GB,1616171702.0
423,tamiahua,21.2667,-97.45,295.46,62.0,0.0,3.56,MX,1616171888.0
424,kadykchan,,,,,,,,
425,hornepayne,49.2138,-84.7705,277.0,73.0,4.0,5.78,CA,1616171889.0
426,cessnock,-32.8333,151.35,291.66,98.0,100.0,0.45,AU,1616171889.0
427,abu samrah,35.3029,37.1841,285.02,60.0,0.0,2.9,SY,1616171890.0
428,komsomolskiy,40.4272,71.7189,286.15,30.0,90.0,3.09,UZ,1616171890.0
429,ahipara,-35.1667,173.1667,287.23,84.0,3.0,3.48,NZ,1616171891.0
430,sisimiut,66.9395,-53.6735,268.92,68.0,100.0,7.85,GL,1616171891.0
431,duz,,,,,,,,
432,marrakesh,31.6315,-8.0083,294.15,35.0,75.0,4.12,MA,1616171703.0
433,nuuk,64.1835,-51.7216,272.09,51.0,90.0,3.6,GL,1616171893.0
434,jumla,29.2747,82.1838,280.51,45.0,99.0,1.94,NP,1616171893.0
435,lerwick,60.1545,-1.1494,281.15,87.0,75.0,5.66,GB,1616171894.0
436,blackwater,-23.5833,148.8833,295.13,91.0,90.0,2.71,AU,1616171894.0
437,weston,26.1004,-80.3998,298.73,65.0,90.0,3.6,US,1616171780.0
438,havre-saint-pierre,50.2334,-63.5986,264.15,45.0,1.0,6.69,CA,1616171895.0
439,cap-aux-meules,47.3821,-61.8597,266.15,73.0,100.0,12.35,CA,1616171896.0
440,waipawa,-41.4122,175.5153,283.38,76.0,0.0,2.06,NZ,1616171896.0
441,dillon,34.4166,-79.3712,284.6,76.0,90.0,7.72,US,1616171699.0
442,kamenka,51.3223,42.7678,269.98,91.0,100.0,3.37,RU,1616171897.0
443,mehrabpur,28.1085,68.0254,300.01,22.0,49.0,2.05,PK,1616171898.0
444,seminole,28.7086,-81.2081,293.86,49.0,1.0,6.17,US,1616171725.0
445,korla,41.7597,86.1469,276.49,65.0,0.0,1.62,CN,1616171899.0
446,akdepe,42.0551,59.3788,283.15,53.0,2.0,3.09,TM,1616171899.0
447,killybegs,54.6333,-8.45,281.85,100.0,90.0,4.12,IE,1616171900.0
448,kathu,7.9178,98.3332,299.15,89.0,20.0,2.86,TH,1616171900.0
449,tarakan,3.3,117.6333,300.53,81.0,99.0,4.72,ID,1616171901.0
450,sobolevo,54.4299,31.8996,271.33,93.0,99.0,2.23,RU,1616171901.0
451,spolaita,38.6966,21.3464,280.02,62.0,40.0,2.06,GR,1616171902.0
452,hasaki,35.7333,140.8333,279.78,87.0,20.0,2.57,JP,1616171903.0
453,port moresby,-9.4431,147.1797,297.15,100.0,20.0,1.54,PG,1616171903.0
454,xichang,27.8964,102.2634,286.99,64.0,72.0,1.57,CN,1616171904.0
455,sumbe,-11.2061,13.8437,300.17,78.0,14.0,4.06,AO,1616171904.0
456,bakel,14.905,-12.4568,312.28,11.0,0.0,4.25,SN,1616171905.0
457,baghdad,33.3406,44.4009,293.15,32.0,0.0,4.12,IQ,1616171744.0
458,verkhnevilyuysk,63.4453,120.3167,262.06,95.0,100.0,2.09,RU,1616171906.0
459,la asuncion,11.0333,-63.8628,302.15,54.0,90.0,6.69,VE,1616171907.0
460,mocuba,-16.8392,36.9856,296.79,96.0,62.0,1.93,MZ,1616171907.0
461,natchez,31.5604,-91.4032,283.18,62.0,90.0,4.12,US,1616171908.0
462,palestina,31.9216,35.2033,288.87,59.0,20.0,3.6,PS,1616171908.0
463,cody,44.5263,-109.0565,285.85,28.0,1.0,5.66,US,1616171627.0
464,port macquarie,-31.4333,152.9167,294.3,94.0,75.0,8.23,AU,1616171611.0
465,klaeng,12.7797,101.6483,301.13,87.0,22.0,2.52,TH,1616171909.0
466,kapoeta,4.7717,33.5903,298.73,67.0,96.0,2.32,SS,1616171910.0
467,hambantota,6.1241,81.1185,297.15,100.0,40.0,1.75,LK,1616171910.0
468,lekoni,-1.5843,14.2591,298.11,79.0,99.0,2.11,GA,1616171911.0
469,trinidad,-14.8333,-64.9,300.15,74.0,75.0,2.57,BO,1616171629.0
470,gambela,8.25,34.5833,300.94,56.0,72.0,1.25,ET,1616171911.0
471,alice springs,-23.7,133.8833,294.15,68.0,98.0,2.57,AU,1616171912.0
472,anshun,26.25,105.9333,291.15,91.0,98.0,3.74,CN,1616171912.0
473,samarai,-10.6167,150.6667,300.9,77.0,5.0,2.88,PG,1616171913.0
474,samalaeulu,,,,,,,,
475,qui nhon,13.7667,109.2333,297.02,91.0,21.0,2.24,VN,1616171914.0
476,asau,46.4333,26.4,273.71,67.0,100.0,1.32,RO,1616171914.0
477,natal,-5.795,-35.2094,303.67,62.0,40.0,7.2,BR,1616171915.0
478,todos santos,23.45,-110.2167,294.26,67.0,0.0,1.79,MX,1616171915.0
479,moyo,3.6609,31.7247,295.72,71.0,98.0,1.08,UG,1616171916.0
480,affery,6.315,-3.9603,305.99,45.0,50.0,1.67,CI,1616171916.0
481,kyaikkami,16.08,97.5675,300.77,73.0,0.0,3.92,MM,1616171917.0
482,ilava,48.9977,18.2353,275.05,57.0,100.0,2.05,SK,1616171917.0
483,kjollefjord,70.9457,27.3465,272.15,86.0,40.0,16.46,NO,1616171918.0
484,nhulunbuy,-12.2333,136.7667,298.15,94.0,90.0,1.76,AU,1616171919.0
485,sokoni,-6.4333,39.55,301.78,74.0,40.0,5.14,TZ,1616171919.0
486,batsfjord,70.6345,29.7185,267.31,93.0,40.0,20.58,NO,1616171920.0
487,brae,60.3964,-1.353,281.15,87.0,75.0,5.66,GB,1616171920.0
488,mandan,46.8267,-100.8896,279.24,65.0,1.0,9.26,US,1616171921.0
489,nanakuli,21.3906,-158.1547,292.68,73.0,1.0,2.57,US,1616171921.0
490,senlis,49.25,2.6667,281.21,49.0,0.0,9.26,FR,1616171922.0
491,vikramasingapuram,8.714,77.3893,303.15,74.0,40.0,1.54,IN,1616171922.0
492,horsham,51.064,-0.3272,283.15,50.0,20.0,5.14,GB,1616171923.0
493,kaitangata,-46.2817,169.8464,281.51,92.0,90.0,3.09,NZ,1616171923.0
494,markova,48.6758,24.4138,274.98,51.0,75.0,3.0,UA,1616171924.0
495,vila,42.0304,-8.1588,283.71,74.0,95.0,5.81,PT,1616171924.0
496,huntsville,34.7304,-86.5861,280.7,81.0,90.0,6.69,US,1616171925.0
497,pathein,16.7833,94.7333,296.94,80.0,76.0,4.07,MM,1616171925.0
498,richards bay,-28.783,32.0377,297.2,88.0,14.0,2.28,ZA,1616171926.0
499,cherskiy,68.75,161.3,237.6,100.0,8.0,0.78,RU,1616171926.0
500,sechura,-5.5569,-80.8222,302.25,51.0,88.0,4.23,PE,1616171927.0
501,le port,-20.9373,55.2919,295.63,69.0,90.0,7.72,RE,1616171927.0
502,torzhok,57.0436,34.9622,268.39,90.0,92.0,1.84,RU,1616171928.0
503,nicosia,35.1667,33.3667,287.87,62.0,40.0,3.6,CY,1616171929.0
504,cockburn harbour,,,,,,,,
